org          ,price
马哥教育         ,¥7280.00
京峰教育         ,¥2980.00
京峰教育         ,¥6980.00
猿产地教育        ,¥6980.00
博为峰网校在线教育    ,¥298.00
汤小洋          ,¥35.00
尚学高科         ,¥30.00
云知梦          ,¥49.00
博学谷          ,¥1999.00
舟炬线上课堂       ,¥12.90
数锐科技         ,¥99.00
汤小洋          ,¥49.00
若泽数据         ,¥19.90
青灯教育         ,¥2298.00
北京谷安天下科技有限公司 ,¥388.00
极客教育         ,¥10.00
张子良          ,¥50.00
马哥教育         ,¥1.00
类目认证机构       ,¥6499.00
数锐科技         ,¥39.90
汤小洋          ,¥19.00
优品课堂         ,¥1298.00
青青余蓝         ,¥88.00
万和IT教育       ,¥99.90
李宁           ,¥199.00
万和IT教育       ,¥49.90
蔻丁学院         ,¥5980.00
极客教育         ,¥20.00
东方琦智         ,¥9.99
智锋互联         ,¥12.00
博匠教育         ,¥499.00
东方琦智         ,¥5.20
青青余蓝         ,¥3888.00
数锐科技         ,¥99.00
誉天教育         ,¥13800
马哥教育         ,¥7280.00
智捷课堂         ,¥666.00
圆方圆学院        ,¥1499.00
泓学科技         ,¥20.00
智捷课堂         ,¥69.00
扣丁学堂         ,¥6800.00
万和IT教育       ,¥9.90
六星云课堂        ,¥5880.00
类目认证机构       ,¥5880.00
类目认证机构       ,¥299.00
楚才国科         ,¥498.00
杰瑞教育         ,¥38.00
陈霁           ,¥8000.00
职坐标          ,¥30.00
类目认证机构       ,¥6280.00
类目认证机构       ,¥6280.00
类目认证机构       ,¥6280.00
类目认证机构       ,¥6280.00
扣丁学堂         ,¥4800.00
松勤软件测试       ,¥2180.00
上海凡猫教育科技有限公司 ,¥9.90
深圳市重定向科技有限公司 ,¥12.00
独孤码农         ,¥3998.00
Tim测试技术      ,¥399.00
类目认证机构       ,¥98.80
上海凡猫教育科技有限公司 ,¥9.90
上海凡猫教育科技有限公司 ,¥9.90
飞软信息技术有限公司   ,¥3998.00
上海凡猫教育科技有限公司 ,¥9.90
松勤软件测试       ,¥2180.00
测吧（北京）科技有限公司 ,¥500.00
上海凡猫教育科技有限公司 ,¥9.90
雅学时代         ,¥99.00
Tim测试技术      ,¥198.00
曾文伟          ,¥60.00
乐搏技术学院       ,¥6280.00
京峰教育         ,¥6580.00
类目认证机构       ,¥4000.00
特斯汀学院        ,¥6880.00
宝庆教育         ,¥18.00
陈霁           ,¥228.00
慧测           ,¥99.00
测吧（北京）科技有限公司 ,¥3600.00
测吧（北京）科技有限公司 ,¥3500.00
类目认证机构       ,¥15.00
乐搏技术学院       ,¥1.00
品课学院         ,¥39.00
慧测           ,¥3998.00
李晓鹏          ,¥498.00
陈霁           ,¥5200.00
陈霁           ,¥8000.00
腾尚学院         ,¥1298.00
雅学时代         ,¥5200.00
深圳市川石信息技术有限公司,¥599.00
测吧（北京）科技有限公司 ,¥6800.00
类目认证机构       ,¥200.00
扣丁学堂         ,¥3600.00
雅学时代         ,¥1.00
李振良          ,¥1888.00
上海凡猫教育科技有限公司 ,¥9.90
陈霁           ,¥1999.00
松勤软件测试       ,¥1.00
测吧（北京）科技有限公司 ,¥3500.00
测吧（北京）科技有限公司 ,¥3000.00
类目认证机构       ,¥7180.00
测吧（北京）科技有限公司 ,¥13000
陈霁           ,¥3600.00
慧测           ,¥6999.00
李晓鹏          ,¥518.00
松勤软件测试       ,¥6280.00
类目认证机构       ,¥7180.00
测吧（北京）科技有限公司 ,¥12000
测吧（北京）科技有限公司 ,¥12000
飞软信息技术有限公司   ,¥4200.00
李晓鹏          ,¥398.00
博为峰网校在线教育    ,¥1208.00
org          ,price
马哥教育         ,¥7280.00
京峰教育         ,¥2980.00
京峰教育         ,¥6980.00
猿产地教育        ,¥6980.00
博为峰网校在线教育    ,¥298.00
汤小洋          ,¥35.00
尚学高科         ,¥30.00
博学谷          ,¥1999.00
云知梦          ,¥49.00
舟炬线上课堂       ,¥12.90
数锐科技         ,¥99.00
汤小洋          ,¥49.00
若泽数据         ,¥19.90
青灯教育         ,¥2298.00
北京谷安天下科技有限公司 ,¥388.00
马哥教育         ,¥1.00
极客教育         ,¥10.00
张子良          ,¥50.00
类目认证机构       ,¥6499.00
数锐科技         ,¥39.90
汤小洋          ,¥19.00
优品课堂         ,¥1298.00
青青余蓝         ,¥88.00
万和IT教育       ,¥99.90
李宁           ,¥199.00
万和IT教育       ,¥49.90
蔻丁学院         ,¥5980.00
东方琦智         ,¥9.99
智锋互联         ,¥12.00
极客教育         ,¥20.00
博匠教育         ,¥499.00
东方琦智         ,¥5.20
青青余蓝         ,¥3888.00
数锐科技         ,¥99.00
誉天教育         ,¥13800
马哥教育         ,¥7280.00
智捷课堂         ,¥666.00
泓学科技         ,¥20.00
智捷课堂         ,¥69.00
圆方圆学院        ,¥1499.00
六星云课堂        ,¥5880.00
扣丁学堂         ,¥6800.00
万和IT教育       ,¥9.90
类目认证机构       ,¥5880.00
类目认证机构       ,¥299.00
楚才国科         ,¥498.00
杰瑞教育         ,¥38.00
陈霁           ,¥8000.00
职坐标          ,¥30.00
类目认证机构       ,¥6280.00
类目认证机构       ,¥6280.00
类目认证机构       ,¥6280.00
类目认证机构       ,¥6280.00
扣丁学堂         ,¥4800.00
松勤软件测试       ,¥2180.00
上海凡猫教育科技有限公司 ,¥9.90
深圳市重定向科技有限公司 ,¥12.00
独孤码农         ,¥3998.00
Tim测试技术      ,¥399.00
类目认证机构       ,¥98.80
上海凡猫教育科技有限公司 ,¥9.90
上海凡猫教育科技有限公司 ,¥9.90
飞软信息技术有限公司   ,¥3998.00
松勤软件测试       ,¥2180.00
测吧（北京）科技有限公司 ,¥500.00
上海凡猫教育科技有限公司 ,¥9.90
雅学时代         ,¥99.00
Tim测试技术      ,¥198.00
曾文伟          ,¥60.00
上海凡猫教育科技有限公司 ,¥9.90
乐搏技术学院       ,¥6280.00
京峰教育         ,¥6580.00
类目认证机构       ,¥4000.00
特斯汀学院        ,¥6880.00
宝庆教育         ,¥18.00
陈霁           ,¥228.00
慧测           ,¥99.00
测吧（北京）科技有限公司 ,¥3600.00
测吧（北京）科技有限公司 ,¥3500.00
类目认证机构       ,¥15.00
乐搏技术学院       ,¥1.00
品课学院         ,¥39.00
慧测           ,¥3998.00
李晓鹏          ,¥498.00
陈霁           ,¥5200.00
陈霁           ,¥8000.00
腾尚学院         ,¥1298.00
雅学时代         ,¥5200.00
深圳市川石信息技术有限公司,¥599.00
测吧（北京）科技有限公司 ,¥6800.00
类目认证机构       ,¥200.00
扣丁学堂         ,¥3600.00
雅学时代         ,¥1.00
李振良          ,¥1888.00
上海凡猫教育科技有限公司 ,¥9.90
陈霁           ,¥1999.00
松勤软件测试       ,¥1.00
测吧（北京）科技有限公司 ,¥3500.00
测吧（北京）科技有限公司 ,¥3000.00
类目认证机构       ,¥7180.00
测吧（北京）科技有限公司 ,¥13000
陈霁           ,¥3600.00
慧测           ,¥6999.00
李晓鹏          ,¥518.00
松勤软件测试       ,¥6280.00
类目认证机构       ,¥7180.00
测吧（北京）科技有限公司 ,¥12000
测吧（北京）科技有限公司 ,¥12000
飞软信息技术有限公司   ,¥4200.00
李晓鹏          ,¥398.00
博为峰网校在线教育    ,¥1208.00
org          ,price
马哥教育         ,¥7280.00
京峰教育         ,¥2980.00
京峰教育         ,¥6980.00
猿产地教育        ,¥6980.00
博为峰网校在线教育    ,¥298.00
汤小洋          ,¥35.00
尚学高科         ,¥30.00
博学谷          ,¥1999.00
云知梦          ,¥49.00
舟炬线上课堂       ,¥12.90
数锐科技         ,¥99.00
汤小洋          ,¥49.00
若泽数据         ,¥19.90
青灯教育         ,¥2298.00
北京谷安天下科技有限公司 ,¥388.00
马哥教育         ,¥1.00
极客教育         ,¥10.00
张子良          ,¥50.00
类目认证机构       ,¥6499.00
数锐科技         ,¥39.90
汤小洋          ,¥19.00
优品课堂         ,¥1298.00
青青余蓝         ,¥88.00
万和IT教育       ,¥99.90
李宁           ,¥199.00
万和IT教育       ,¥49.90
蔻丁学院         ,¥5980.00
东方琦智         ,¥9.99
智锋互联         ,¥12.00
极客教育         ,¥20.00
博匠教育         ,¥499.00
东方琦智         ,¥5.20
青青余蓝         ,¥3888.00
数锐科技         ,¥99.00
誉天教育         ,¥13800
马哥教育         ,¥7280.00
智捷课堂         ,¥666.00
圆方圆学院        ,¥1499.00
泓学科技         ,¥20.00
智捷课堂         ,¥69.00
六星云课堂        ,¥5880.00
扣丁学堂         ,¥6800.00
万和IT教育       ,¥9.90
类目认证机构       ,¥5880.00
类目认证机构       ,¥299.00
楚才国科         ,¥498.00
杰瑞教育         ,¥38.00
陈霁           ,¥8000.00
职坐标          ,¥30.00
类目认证机构       ,¥6280.00
类目认证机构       ,¥6280.00
类目认证机构       ,¥6280.00
类目认证机构       ,¥6280.00
扣丁学堂         ,¥4800.00
松勤软件测试       ,¥2180.00
上海凡猫教育科技有限公司 ,¥9.90
深圳市重定向科技有限公司 ,¥12.00
独孤码农         ,¥3998.00
Tim测试技术      ,¥399.00
类目认证机构       ,¥98.80
上海凡猫教育科技有限公司 ,¥9.90
上海凡猫教育科技有限公司 ,¥9.90
飞软信息技术有限公司   ,¥3998.00
上海凡猫教育科技有限公司 ,¥9.90
松勤软件测试       ,¥2180.00
测吧（北京）科技有限公司 ,¥500.00
上海凡猫教育科技有限公司 ,¥9.90
雅学时代         ,¥99.00
Tim测试技术      ,¥198.00
曾文伟          ,¥60.00
乐搏技术学院       ,¥6280.00
京峰教育         ,¥6580.00
类目认证机构       ,¥4000.00
特斯汀学院        ,¥6880.00
宝庆教育         ,¥18.00
陈霁           ,¥228.00
慧测           ,¥99.00
测吧（北京）科技有限公司 ,¥3600.00
测吧（北京）科技有限公司 ,¥3500.00
类目认证机构       ,¥15.00
乐搏技术学院       ,¥1.00
品课学院         ,¥39.00
慧测           ,¥3998.00
李晓鹏          ,¥498.00
陈霁           ,¥5200.00
陈霁           ,¥8000.00
腾尚学院         ,¥1298.00
雅学时代         ,¥5200.00
深圳市川石信息技术有限公司,¥599.00
测吧（北京）科技有限公司 ,¥6800.00
类目认证机构       ,¥200.00
扣丁学堂         ,¥3600.00
雅学时代         ,¥1.00
李振良          ,¥1888.00
上海凡猫教育科技有限公司 ,¥9.90
陈霁           ,¥1999.00
松勤软件测试       ,¥1.00
测吧（北京）科技有限公司 ,¥3500.00
测吧（北京）科技有限公司 ,¥3000.00
类目认证机构       ,¥7180.00
测吧（北京）科技有限公司 ,¥13000
陈霁           ,¥3600.00
慧测           ,¥6999.00
李晓鹏          ,¥518.00
松勤软件测试       ,¥6280.00
类目认证机构       ,¥7180.00
测吧（北京）科技有限公司 ,¥12000
测吧（北京）科技有限公司 ,¥12000
飞软信息技术有限公司   ,¥4200.00
李晓鹏          ,¥398.00
博为峰网校在线教育    ,¥1208.00
org          ,price
马哥教育         ,¥7280.00
京峰教育         ,¥2980.00
京峰教育         ,¥6980.00
猿产地教育        ,¥6980.00
博为峰网校在线教育    ,¥298.00
汤小洋          ,¥35.00
尚学高科         ,¥30.00
博学谷          ,¥1999.00
云知梦          ,¥49.00
舟炬线上课堂       ,¥12.90
数锐科技         ,¥99.00
汤小洋          ,¥49.00
若泽数据         ,¥19.90
青灯教育         ,¥2298.00
北京谷安天下科技有限公司 ,¥388.00
马哥教育         ,¥1.00
极客教育         ,¥10.00
张子良          ,¥50.00
类目认证机构       ,¥6499.00
数锐科技         ,¥39.90
汤小洋          ,¥19.00
优品课堂         ,¥1298.00
青青余蓝         ,¥88.00
万和IT教育       ,¥99.90
李宁           ,¥199.00
万和IT教育       ,¥49.90
蔻丁学院         ,¥5980.00
东方琦智         ,¥9.99
智锋互联         ,¥12.00
极客教育         ,¥20.00
博匠教育         ,¥499.00
东方琦智         ,¥5.20
青青余蓝         ,¥3888.00
数锐科技         ,¥99.00
誉天教育         ,¥13800
马哥教育         ,¥7280.00
智捷课堂         ,¥666.00
圆方圆学院        ,¥1499.00
泓学科技         ,¥20.00
智捷课堂         ,¥69.00
六星云课堂        ,¥5880.00
扣丁学堂         ,¥6800.00
万和IT教育       ,¥9.90
类目认证机构       ,¥5880.00
类目认证机构       ,¥299.00
楚才国科         ,¥498.00
杰瑞教育         ,¥38.00
陈霁           ,¥8000.00
职坐标          ,¥30.00
类目认证机构       ,¥6280.00
类目认证机构       ,¥6280.00
类目认证机构       ,¥6280.00
类目认证机构       ,¥6280.00
扣丁学堂         ,¥4800.00
松勤软件测试       ,¥2180.00
上海凡猫教育科技有限公司 ,¥9.90
深圳市重定向科技有限公司 ,¥12.00
独孤码农         ,¥3998.00
Tim测试技术      ,¥399.00
类目认证机构       ,¥98.80
上海凡猫教育科技有限公司 ,¥9.90
上海凡猫教育科技有限公司 ,¥9.90
飞软信息技术有限公司   ,¥3998.00
松勤软件测试       ,¥2180.00
测吧（北京）科技有限公司 ,¥500.00
上海凡猫教育科技有限公司 ,¥9.90
雅学时代         ,¥99.00
Tim测试技术      ,¥198.00
曾文伟          ,¥60.00
上海凡猫教育科技有限公司 ,¥9.90
乐搏技术学院       ,¥6280.00
京峰教育         ,¥6580.00
类目认证机构       ,¥4000.00
特斯汀学院        ,¥6880.00
宝庆教育         ,¥18.00
陈霁           ,¥228.00
慧测           ,¥99.00
测吧（北京）科技有限公司 ,¥3600.00
测吧（北京）科技有限公司 ,¥3500.00
类目认证机构       ,¥15.00
乐搏技术学院       ,¥1.00
品课学院         ,¥39.00
慧测           ,¥3998.00
李晓鹏          ,¥498.00
陈霁           ,¥5200.00
陈霁           ,¥8000.00
腾尚学院         ,¥1298.00
雅学时代         ,¥5200.00
深圳市川石信息技术有限公司,¥599.00
测吧（北京）科技有限公司 ,¥6800.00
类目认证机构       ,¥200.00
扣丁学堂         ,¥3600.00
雅学时代         ,¥1.00
李振良          ,¥1888.00
上海凡猫教育科技有限公司 ,¥9.90
陈霁           ,¥1999.00
松勤软件测试       ,¥1.00
测吧（北京）科技有限公司 ,¥3500.00
测吧（北京）科技有限公司 ,¥3000.00
类目认证机构       ,¥7180.00
测吧（北京）科技有限公司 ,¥13000
陈霁           ,¥3600.00
慧测           ,¥6999.00
李晓鹏          ,¥518.00
松勤软件测试       ,¥6280.00
类目认证机构       ,¥7180.00
测吧（北京）科技有限公司 ,¥12000
测吧（北京）科技有限公司 ,¥12000
飞软信息技术有限公司   ,¥4200.00
李晓鹏          ,¥398.00
博为峰网校在线教育    ,¥1208.00
